complaint_id,location_original,ubigeo,street_type,street_name,door_number,block_number,site_name,latitude,longitude,coordinate_origin,crs,row_category
DEMO-001,AV. DEMOSTRACION 120,150101,AVENIDA,DEMOSTRACION,120,,,,,,EPSG:4326,ocurrencia_a
DEMO-001,AV. DEMOSTRACION 120,150101,AVENIDA,DEMOSTRACION,120,,,,,,EPSG:4326,ocurrencia_b
DEMO-002,PUNTO ORIGINAL DE DEMOSTRACION,150101,,,,,,-12.044,-77.035,PNP_ORIGINAL,EPSG:4326,coordenada_original
DEMO-003,REFERENCIA DESCONOCIDA SIN PUERTA,150101,,,,,,-12.047,-77.031,CENTROIDE_FORZADO,EPSG:4326,centroide_heredado
DEMO-004,AVENIDA DEMOSTRACION CUADRA 2,150101,AVENIDA,DEMOSTRACION,,2,,,,,EPSG:4326,aproximacion_cuadra
DEMO-005,AV. DEMOSTRASION 120,150101,AVENIDA,DEMOSTRASION,120,,,,,,EPSG:4326,error_tipografico
DEMO-006,LAT -12.043 LON -77.034,150101,,,,,,,,,EPSG:4326,coordenada_en_texto
DEMO-007,PARQUE DE PRUEBA,150101,,,,,PARQUE DE PRUEBA,,,,EPSG:4326,sitio_sintetico
DEMO-008,CALLE EJEMPLO 80,,CALLE,EJEMPLO,80,,,,,,EPSG:4326,territorio_ausente
DEMO-009,,150101,,,,,,,,,EPSG:4326,ubicacion_ausente
DEMO-010,CALLE AMBIGUA 50,150101,CALLE,AMBIGUA,50,,,,,,EPSG:4326,dos_candidatos
DEMO-011,AV. DEMOSTRACION 120,999999,AVENIDA,DEMOSTRACION,120,,,,,,EPSG:4326,territorio_sin_cobertura
